{
    "agmode": "on",
    "wait_time": "1m",
    "config_version": "1.5",
    "custom_props": {
        "ro.lmk.use_psi": true,
        "ro.lmk.use_minfree_levels": false
    },
    "agmode_per_app_configuration": [
        {
            "package": "com.iiordanov.freebVNC",
            "props": [
                {
                    "ro.lmk.use_minfree_levels": true,
                    "ro.lmk.use_psi": false,
                    "ro.lmk.downgrade_pressure": 30,
                    "ro.lmk.thrashing_limit_decay": 50
                }
            ]
        },
        {
            "package": "com.realvnc.viewer.android",
            "props": [
                {
                    "ro.lmk.use_minfree_levels": true,
                    "ro.lmk.use_psi": false,
                    "ro.lmk.downgrade_pressure": 30,
                    "ro.lmk.thrashing_limit_decay": 50
                }
            ]
        },
        {
            "package": "com.mobile.legends",
            "props": [
                {
                    "ro.lmk.downgrade_pressure": 100,
                    "ro.lmk.psi_partial_stall_ms": 1,
                    "ro.lmk.psi_complete_stall_ms": 1,
                    "ro.lmk.thrashing_limit_decay": 50,
                    "ro.lmk.low": 400
                }
            ]
        }
    ]
}